{
  "episode": 70,
  "avg_reward": 9.142857142857142,
  "best_avg_reward": 9.142857142857142,
  "timestamp": 1750779829,
  "consecutive_target_episodes": 0,
  "episodes_at_target": 0
}