{
  "episode": 90,
  "avg_reward": 9.444444444444445,
  "best_avg_reward": 9.444444444444445,
  "timestamp": 1750779859,
  "consecutive_target_episodes": 0,
  "episodes_at_target": 0
}