{
  "episode": 90,
  "avg_reward": 9.28888888888889,
  "best_avg_reward": 9.28888888888889,
  "timestamp": 1751051039,
  "consecutive_target_episodes": 0,
  "episodes_at_target": 0
}